INSERT INTO dim_date (date_key, full_date, day_of_week, day_of_month, month, month_name, quarter, year, is_weekend) VALUES
(20240101, '2024-01-01', 'Monday', 1, 1, 'January', 'Q1', 2024, FALSE),
(20240102, '2024-01-02', 'Tuesday', 2, 1, 'January', 'Q1', 2024, FALSE),
(20240103, '2024-01-03', 'Wednesday', 3, 1, 'January', 'Q1', 2024, FALSE),
(20240104, '2024-01-04', 'Thursday', 4, 1, 'January', 'Q1', 2024, FALSE),
(20240105, '2024-01-05', 'Friday', 5, 1, 'January', 'Q1', 2024, FALSE),
(20240106, '2024-01-06', 'Saturday', 6, 1, 'January', 'Q1', 2024, TRUE),
(20240107, '2024-01-07', 'Sunday', 7, 1, 'January', 'Q1', 2024, TRUE),
(20240108, '2024-01-08', 'Monday', 8, 1, 'January', 'Q1', 2024, FALSE),
(20240109, '2024-01-09', 'Tuesday', 9, 1, 'January', 'Q1', 2024, FALSE),
(20240110, '2024-01-10', 'Wednesday', 10, 1, 'January', 'Q1', 2024, FALSE),
(20240111, '2024-01-11', 'Thursday', 11, 1, 'January', 'Q1', 2024, FALSE),
(20240112, '2024-01-12', 'Friday', 12, 1, 'January', 'Q1', 2024, FALSE),
(20240113, '2024-01-13', 'Saturday', 13, 1, 'January', 'Q1', 2024, TRUE),
(20240114, '2024-01-14', 'Sunday', 14, 1, 'January', 'Q1', 2024, TRUE),
(20240115, '2024-01-15', 'Monday', 15, 1, 'January', 'Q1', 2024, FALSE),
(20240116, '2024-01-16', 'Tuesday', 16, 1, 'January', 'Q1', 2024, FALSE),
(20240117, '2024-01-17', 'Wednesday', 17, 1, 'January', 'Q1', 2024, FALSE),
(20240118, '2024-01-18', 'Thursday', 18, 1, 'January', 'Q1', 2024, FALSE),
(20240119, '2024-01-19', 'Friday', 19, 1, 'January', 'Q1', 2024, FALSE),
(20240120, '2024-01-20', 'Saturday', 20, 1, 'January', 'Q1', 2024, TRUE),
(20240121, '2024-01-21', 'Sunday', 21, 1, 'January', 'Q1', 2024, TRUE),
(20240122, '2024-01-22', 'Monday', 22, 1, 'January', 'Q1', 2024, FALSE),
(20240123, '2024-01-23', 'Tuesday', 23, 1, 'January', 'Q1', 2024, FALSE),
(20240124, '2024-01-24', 'Wednesday', 24, 1, 'January', 'Q1', 2024, FALSE),
(20240125, '2024-01-25', 'Thursday', 25, 1, 'January', 'Q1', 2024, FALSE),
(20240126, '2024-01-26', 'Friday', 26, 1, 'January', 'Q1', 2024, FALSE),
(20240127, '2024-01-27', 'Saturday', 27, 1, 'January', 'Q1', 2024, TRUE),
(20240128, '2024-01-28', 'Sunday', 28, 1, 'January', 'Q1', 2024, TRUE),
(20240129, '2024-01-29', 'Monday', 29, 1, 'January', 'Q1', 2024, FALSE),
(20240130, '2024-01-30', 'Tuesday', 30, 1, 'January', 'Q1', 2024, FALSE);

INSERT INTO dim_product (product_id, product_name, category, subcategory, unit_price) VALUES
('P001', 'Laptop Pro', 'Electronics', 'Computers', 50000),
('P002', 'Smartphone X', 'Electronics', 'Mobiles', 30000),
('P003', 'Tablet Z', 'Electronics', 'Tablets', 20000),
('P004', 'Refrigerator', 'Electronics', 'Appliances', 45000),
('P005', 'Microwave Oven', 'Electronics', 'Appliances', 12000),
('P006', 'Office Chair', 'Furniture', 'Chairs', 7000),
('P007', 'Dining Table', 'Furniture', 'Tables', 25000),
('P008', 'Bookshelf', 'Furniture', 'Storage', 12000),
('P009', 'Sofa Set', 'Furniture', 'Seating', 40000),
('P010', 'Coffee Table', 'Furniture', 'Tables', 8000),
('P011', 'Running Shoes', 'Fashion', 'Footwear', 5000),
('P012', 'Jeans', 'Fashion', 'Clothing', 2000),
('P013', 'T-Shirt', 'Fashion', 'Clothing', 1000),
('P014', 'Jacket', 'Fashion', 'Clothing', 3500),
('P015', 'Smartwatch', 'Electronics', 'Wearables', 15000);

INSERT INTO dim_customer (customer_id, customer_name, city, state, customer_segment) VALUES
('C001', 'Rahul Kumar', 'Bhubaneswar', 'Odisha', 'Regular'),
('C002', 'Sneha Patra', 'Cuttack', 'Odisha', 'Premium'),
('C003', 'Amit Singh', 'Bhubaneswar', 'Odisha', 'Regular'),
('C004', 'Priya Das', 'Puri', 'Odisha', 'Regular'),
('C005', 'Rohan Mehta', 'Bhubaneswar', 'Odisha', 'Premium'),
('C006', 'Anjali Reddy', 'Cuttack', 'Odisha', 'Regular'),
('C007', 'Vikram Sharma', 'Puri', 'Odisha', 'Regular'),
('C008', 'Neha Jain', 'Rourkela', 'Odisha', 'Premium'),
('C009', 'Karan Verma', 'Rourkela', 'Odisha', 'Regular'),
('C010', 'Sonal Patil', 'Bhubaneswar', 'Odisha', 'Regular'),
('C011', 'Arjun Nair', 'Cuttack', 'Odisha', 'Premium'),
('C012', 'Meera Iyer', 'Puri', 'Odisha', 'Regular');

INSERT INTO fact_sales (date_key, product_key, customer_key, quantity_sold, unit_price, discount_amount, total_amount) VALUES
(20240101, 1, 1, 1, 50000, 0, 50000),
(20240102, 2, 2, 2, 30000, 2000, 58000),
(20240103, 3, 3, 1, 20000, 0, 20000),
(20240104, 4, 4, 1, 45000, 5000, 40000),
(20240105, 5, 5, 2, 12000, 1000, 23000),

(20240106, 1, 6, 2, 50000, 5000, 95000),
(20240106, 6, 7, 3, 7000, 0, 21000),
(20240107, 2, 8, 2, 30000, 0, 60000),
(20240107, 7, 9, 4, 5000, 500, 19500),

(20240108, 8, 10, 3, 2000, 0, 6000),
(20240109, 9, 11, 5, 1000, 0, 5000),
(20240110, 10, 12, 1, 8000, 0, 8000),
(20240111, 11, 1, 2, 5000, 500, 9500),
(20240112, 12, 2, 2, 2000, 0, 4000),

(20240113, 3, 3, 3, 20000, 3000, 57000),
(20240113, 4, 4, 2, 45000, 4000, 86000),
(20240114, 14, 5, 4, 15000, 2000, 58000),
(20240114, 15, 6, 2, 3500, 0, 7000),

(20240115, 6, 7, 1, 7000, 0, 7000),
(20240116, 7, 8, 2, 5000, 0, 10000),
(20240117, 8, 9, 3, 2000, 0, 6000),
(20240118, 9, 10, 4, 1000, 0, 4000),
(20240119, 10, 11, 1, 8000, 0, 8000),

(20240120, 1, 12, 3, 50000, 5000, 145000),
(20240120, 2, 1, 2, 30000, 3000, 57000),
(20240121, 3, 2, 2, 20000, 0, 40000),
(20240121, 4, 3, 1, 45000, 0, 45000),

(20240122, 5, 4, 2, 12000, 0, 24000),
(20240123, 6, 5, 2, 7000, 0, 14000),
(20240124, 7, 6, 3, 5000, 0, 15000),
(20240125, 8, 7, 4, 2000, 0, 8000),
(20240126, 9, 8, 5, 1000, 0, 5000),

(20240127, 10, 9, 2, 8000, 0, 16000),
(20240127, 11, 10, 3, 5000, 500, 14500),
(20240128, 12, 11, 4, 2000, 0, 8000),
(20240128, 13, 12, 6, 1000, 0, 6000),
(20240129, 14, 1, 2, 15000, 0, 30000),
(20240130, 15, 2, 1, 3500, 0, 3500);

